ID_ACTXPROG,COD_ACTXPROG,DES_ACTXPROG,ID_PROGRAMA,CUPS1,CUPS2,CUPS3,SOAT1,SOAT2,SOAT3,SEXO,DIAS,MESES,ANOS,ID_FINALIDADCX,ID_FINALIDADPX,TIPO_REGISTRO,BIOLOGICO,ID_DOSIS,FRECUENCIA,ID_VARREPORTE,ESQUEMA,ID_CONTRATO,COD_SOAT1,COD_SOAT2,COD_SOAT3,COD_CUPS1,COD_CUPS2,COD_CUPS3,RE_PROGRAMAR,ACTIVA,CANT_DOSIS,CANT_REFUERZO,CONTROL,ESPARTO,MEDIDA_PYP,CANTIDAD_PYP,ANTES_PYP,DESPUES_PYP,FRECUENCIA_PYP,ANUAL_PYP,NROCAMPO4505,PROGRAMACION_ESP,ID_FINALIDADPX_2275,ID_FINALIDADCX_2275
1,1,CONTROL DE PLACA BACTERIANA - 2 A 19 Aï¿½OS,1,15221,0,0,15221,0,0,A,0000000000000000000000000000000,000000000000000000000000000000000000000000000000000000000000000000000000000000000000000000000000,000000011111111111100000000000000000000000000000000000000000000000000000000000000000000000000000000000000000000000000000,,3.0,AP,,,2.0,0,,,,,,,,1,T,F,,,F,F,1,1,0,,1,,,,14.0,
2,2,CONTROL DE PLACA BACTERIANA - MAY. 20 Aï¿½OS,1,15221,0,0,2995,0,0,A,0000000000000000000000000000000,000000000000000000000000000000000000,000000000000000000011111111111111111111111111111111111111111111111111111111111111111111111111111111111111111111111111111,,3.0,AP,,,1.0,0,,,,,,,,1,T,F,,,F,F,1,1,0,,1,,,,14.0,
5,5,APLICACION DE SELLANTES 3 A 5 Aï¿½OS,1,15216,15215,0,3001,0,0,A,0000000000000000000000000000000,000000000000000000000000000000000000,001110000000000000000000000000000000000000000000000000000000000000000000000000000000000000000000000000000000000000000000,,3.0,AP,,,1.0,0,,,,,,,,1,T,F,,,F,F,1,1,0,,1,,,,14.0,
6,6,APLICACION DE SELLANTES 6 A 8 Aï¿½OS,1,15216,15215,0,3001,0,0,A,0000000000000000000000000000000,000000000000000000000000000000000000,000001110000000000000000000000000000000000000000000000000000000000000000000000000000000000000000000000000000000000000000,,3.0,AP,,,1.0,0,,,,,,,,1,T,F,,,F,F,1,1,0,,1,,,,14.0,
7,7,APLICACION DE SELLANTES 9 A 11 Aï¿½OS,1,15215,15216,0,0,0,0,A,0000000000000000000000000000000,000000000000000000000000000000000000,000000001110000000000000000000000000000000000000000000000000000000000000000000000000000000000000000000000000000000000000,,3.0,AP,,,1.0,12,,,,,,,,1,T,F,,,F,F,1,1,0,,1,,,,14.0,
8,8,APLICACION DE SELLANTES 12 A 15 Aï¿½OS,1,15216,15215,0,3001,0,0,A,0000000000000000000000000000000,000000000000000000000000000000000000,000000000001111000000000000000000000000000000000000000000000000000000000000000000000000000000000000000000000000000000000,,3.0,AP,,,1.0,0,,,,,,,,1,T,F,,,F,F,1,1,0,,1,,,,14.0,
255,255,CONSULTA CONTROL POR MEDICO (EDAD DE 10 A 13 Aï¿½OS),8,13397,0,0,0,0,0,A,0000000000000000000000000000000,000000000000000000000000000000000000,000000000100110110011001100010000000000000000000000000000000000000000000000000000000000000000000000000000000000000000000,5.0,,AC,,,,0,,,,,,,,1,T,F,,,F,F,1,1,0,,1,,,,,
206,206,C.  CONTROL POR ENFERMERIA - MENOR DE 1 Aï¿½O (0-3 MESES),7,13416,0,0,0,0,0,A,0000000000000000000000000000000,111000000000000000000000000000000000,111111111100000000000000000000000000000000000000000000000000000000000000000000000000000000000000000000000000000000000000,4.0,,AC,,,,0,,,,,,,,1,T,F,,,F,F,1,1,0,,1,,,,,
207,207,C. CONTROL POR ENFERMERIA - MENOR DE 1 Aï¿½O (4-6 MESES),7,13416,0,0,0,0,0,A,0000000000000000000000000000000,000111000000000000000000000000000000,111111111100000000000000000000000000000000000000000000000000000000000000000000000000000000000000000000000000000000000000,4.0,,AC,,,,0,,,,,,,,1,T,F,,,F,F,1,1,0,,1,,,,,
208,208,C. CONTROL POR ENFERMERIA - MENOR DE 1 Aï¿½O (7-9 MESES),7,13416,0,0,0,0,0,A,0000000000000000000000000000000,000000111000000000000000000000000000,111111111100000000000000000000000000000000000000000000000000000000000000000000000000000000000000000000000000000000000000,4.0,,AC,,,,0,,,,,,,,1,T,F,,,F,F,1,1,0,,1,,,,,
209,209,C. CONTROL POR ENFERMERIA - MENOR DE 1 Aï¿½O (10-12 MESES),7,13416,0,0,0,0,0,A,0000000000000000000000000000000,000000000111000000000000000000000000,111111111100000000000000000000000000000000000000000000000000000000000000000000000000000000000000000000000000000000000000,4.0,,AC,,,,0,,,,,,,,1,T,F,,,F,F,1,1,0,,1,,,,,
210,210,C. CONTROL POR ENFERMERIA - NIï¿½OS DE 1 Aï¿½O (13-16 MESES),7,13416,0,0,0,0,0,A,0000000000000000000000000000000,000000000000111100000000000000000000,101111111000000000000000000000000000000000000000000000000000000000000000000000000000000000000000000000000000000000000000,4.0,,AC,,,,0,,,,,,,,1,T,F,,,F,F,1,1,0,,1,,,,,
211,211,C. CONTROL POR ENFERMERIA  - NIï¿½OS DE 1 Aï¿½O (17-20 MESES),7,13416,0,0,0,0,0,A,0000000000000000000000000000000,000000000000000011110000000000000000,111111111100000000000000000000000000000000000000000000000000000000000000000000000000000000000000000000000000000000000000,4.0,,AC,,,,0,,,,,,,,1,T,F,,,F,F,1,1,0,,1,,,,,
212,212,C. CONTROL POR ENFERMERIA - NIï¿½OS DE 1 Aï¿½O (21-24 MESES),7,13416,0,0,0,0,0,A,0000000000000000000000000000000,000000000000000000001111000000000000,111111111100000000000000000000000000000000000000000000000000000000000000000000000000000000000000000000000000000000000000,4.0,,AC,,,,0,,,,,,,,1,T,F,,,F,F,1,1,0,,1,,,,,
213,213,C. CONTROL POR ENFERMERIA - NIï¿½OS DE 2 Aï¿½OS (25-30 MESES),7,13416,0,0,0,0,0,A,0000000000000000000000000000000,000000000000000000000000111111000000,111111111100000000000000000000000000000000000000000000000000000000000000000000000000000000000000000000000000000000000000,4.0,,AC,,,,0,,,,,,,,1,T,F,,,F,F,1,1,0,,1,,,,,
214,214,C. CONTROL POR ENFERMERIA - NIï¿½OS DE 2 Aï¿½OS (31-36 MESES),7,13416,0,0,0,0,0,A,0000000000000000000000000000000,000000000000000000000000000000111111,111111111100000000000000000000000000000000000000000000000000000000000000000000000000000000000000000000000000000000000000,4.0,,AC,,,,0,,,,,,,,1,T,F,,,F,F,1,1,0,,1,,,,,
215,215,C. CONTROL POR ENFERMERIA - NIï¿½OS DE 3 A 9 Aï¿½OS (37-48 MESES),7,13416,0,0,0,0,0,A,0000000000000000000000000000000,000000000000000000000000000000000000,111111111100000000000000000000000000000000000000000000000000000000000000000000000000000000000000000000000000000000000000,4.0,,AC,,,,0,,,,,,,,1,T,F,,,F,F,1,1,0,,1,,,,,
216,216,C. CONTROL POR ENFERMERIA - NIï¿½OS DE 3 A 9 Aï¿½OS (49-60 MESES),7,13416,0,0,0,0,0,A,0000000000000000000000000000000,000000000000000000000000000000000000,111111111100000000000000000000000000000000000000000000000000000000000000000000000000000000000000000000000000000000000000,4.0,,AC,,,,0,,,,,,,,1,T,F,,,F,F,1,1,0,,1,,,,,
217,217,C. CONTROL POR ENFERMERIA - NIï¿½OS DE 3 A 9 Aï¿½OS (61-72 MESES),7,13416,0,0,0,0,0,A,0000000000000000000000000000000,000000000000000000000000000000000000,111111111100000000000000000000000000000000000000000000000000000000000000000000000000000000000000000000000000000000000000,4.0,,AC,,,,0,,,,,,,,1,T,F,,,F,F,1,1,0,,1,,,,,
227,227,C. CONTROL POR ENFERMERIA - NIï¿½OS DE 3 A 9 Aï¿½OS (73-84 MESES),7,13416,0,0,0,0,0,A,0000000000000000000000000000000,000000000000000000000000000000000000,111111111100000000000000000000000000000000000000000000000000000000000000000000000000000000000000000000000000000000000000,4.0,,AC,,,,0,,,,,,,,1,T,F,,,F,F,1,1,0,,1,,,,,
228,228,C. CONTROL POR ENFERMERIA - NIï¿½OS DE 3 A 9 Aï¿½OS (85-96 MESES),7,13416,0,0,0,0,0,A,0000000000000000000000000000000,000000000000000000000000000000000000,111111111100000000000000000000000000000000000000000000000000000000000000000000000000000000000000000000000000000000000000,4.0,,AC,,,,0,,,,,,,,1,T,F,,,F,F,1,1,0,,1,,,,,
229,229,C. CONTROL POR ENFERMERIA - NIï¿½OS DE 3 A 9 Aï¿½OS (97-108 MESES),7,13416,0,0,0,0,0,A,0000000000000000000000000000000,000000000000000000000000000000000000,111111111100000000000000000000000000000000000000000000000000000000000000000000000000000000000000000000000000000000000000,4.0,,AC,,,,0,,,,,,,,1,T,F,,,F,F,1,1,0,,1,,,,,
257,257,CONSULTA CONTROL POR MEDICO (EDAD DE 14 A 16 Aï¿½OS),8,13397,0,0,0,0,0,A,0000000000000000000000000000000,000000000000000000000000000000000000,000000000000011111111111000000000000000000000000000000000000000000000000000000000000000000000000000000000000000000000000,5.0,,AC,,,,0,,,,,,,,1,T,F,,,F,F,1,1,0,,1,,,,,
258,258,CONSULTA CONTROL POR MEDICO (EDAD DE 17 A 21 Aï¿½OS),8,13397,0,0,0,0,0,A,0000000000000000000000000000000,000000000000000000000000000000000000,000000000111111111111111000000000000000000000000000000000000000000000000000000000000000000000000000000000000000000000000,5.0,,AC,,,,0,,,,,,,,1,T,F,,,F,F,1,1,0,,1,,,,,
260,260,CONSULTA CONTROL POR MEDICO (EDAD DE 22 A 24 Aï¿½OS),8,13397,0,0,0,0,0,A,0000000000000000000000000000000,000000000000000000000000000000000000,000000000111111111111111111110000000000000000000000000000000000000000000000000000000000000000000000000000000000000000000,5.0,,AC,,,,0,,,,,,,,1,T,F,,,F,F,1,1,0,,1,,,,,
362,362,ATENCIï¿½N  EN  SALUD  POR MEDICNA GENERAL PRIMER MES - PRIMERA INFANCIA,23,13397,22567,13412,0,0,0,A,0000001111111111111111111111111,100000000000000000000000000000000000000000000000000000000000000000000000000000000000000000000000,000000000000000000000000000000000000000000000000000000000000000000000000000000000000000000000000000000000000000000000000,4.0,,AC,F,,,0,,,,,,,,1,T,T,,,F,F,2,1,0,,1,F,,,,12.0
363,363,ATENCIï¿½N  EN  SALUD  POR MEDICINA GENERAL 4 A 5  MESES - PRIMERA INFANCIA,23,13397,13412,22567,0,0,0,A,0000000000000000000000000000000,000110000000000000000000000000000000000000000000000000000000000000000000000000000000000000000000,000000000000000000000000000000000000000000000000000000000000000000000000000000000000000000000000000000000000000000000000,4.0,,AC,F,,,0,,,,,,,,1,T,T,,,F,F,2,1,0,,2,F,,,,12.0
365,365,ATENCIï¿½N  EN  SALUD  POR MEDICNA GENERAL 12 A 17  MESES - PRIMERA INFANCIA,23,13397,13416,13412,22560,0,0,A,0000000000000000000000000000000,000000000001111110000000000000000000000000000000000000000000000000000000000000000000000000000000,000000000000000000000000000000000000000000000000000000000000000000000000000000000000000000000000000000000000000000000000,4.0,,AC,F,,,56,,,,,,,,1,T,T,,,F,F,2,1,30,30.0,6,F,,,,12.0
366,366,ATENCIï¿½N  EN  SALUD  POR MEDICINA GENERAL 24 A 29  MESES - PRIMERA INFANCIA,23,13397,13401,13416,13412,22567,0,A,0000000000000000000000000000000,000000000000000000000001111110000000000000000000000000000000000000000000000000000000000000000000,000000000000000000000000000000000000000000000000000000000000000000000000000000000000000000000000000000000000000000000000,4.0,,AC,F,,,0,,,,,,,,1,T,T,,,F,F,2,1,30,30.0,6,F,,,,12.0
368,368,ATENCIï¿½N  EN  SALUD  POR MEDICNA GENERAL 36 A 47 MESES - PRIMERA INFANCIA,23,13397,13412,0,0,0,0,A,0000000000000000000000000000000,000000000000000000000000000000000001111111111110000000000000011111111111111111111111111111111111,000000000000000000000000000000000000000000000000000000000000000000000000000000000000000000000000000000000000000000000000,4.0,,AC,F,,,0,,,,,,,,1,T,T,,,F,F,1,1,30,900.0,1,F,,,,12.0
369,369,ATENCIï¿½N  EN  SALUD  POR MEDICNA GENERAL 60 A 71   MESES - PRIMERA INFANCIA,23,13397,13412,22560,0,0,0,A,0000000000000000000000000000000,000000000000000000000000000000000000000000000000000000000001111111111110000000000000000000000000,000000000000000000000000000000000000000000000000000000000000000000000000000000000000000000000000000000000000000000000000,4.0,,AC,F,,,0,,,,,,,,1,T,T,,,F,F,1,1,30,30.0,1,F,,,,12.0
370,370,ATENCIï¿½N  EN  SALUD  POR MEDICNA GENERAL 72  A 83   MESES- PRIMERA INFANCIA,23,13397,13412,22560,0,0,0,A,0000000000000000000000000000000,000000000000000000000000000000000000000000000000000000000000000000000001111111111110000000000000,000000000000000000000000000000000000000000000000000000000000000000000000000000000000000000000000000000000000000000000000,4.0,,AC,F,,,0,,,,,,,,1,T,T,,,F,F,2,1,0,,1,F,,,,12.0
371,371,ATENCIï¿½N  EN  SALUD  POR MEDICNA GENERAL  96 A 107 MESES ( INFANCIA ),23,13397,13412,22560,0,0,0,A,0000000000000000000000000000000,000000000000000000000000000000000000000000000000000000000000000000000000000000000000000000000001,000000011100000000000000000000000000000000000000000000000000000000000000000000000000000000000000000000000000000000000000,4.0,,AC,F,,,0,,,,,,,,1,T,T,,,F,F,1,2,500,60.0,1,T,,,,12.0
372,372,ATENCIï¿½N  EN  SALUD  POR MEDICNA GENERAL DE 6 A 11 Aï¿½OS  ( INFANCIA ),23,13397,13412,0,0,0,0,A,0000000000000000000000000000000,000000000000000000000000000000000000000000000000000000000000000000000001111111111111111111111110,000000011110000000000000000000000000000000000000000000000000000000000000000000000000000000000000000000000000000000000000,4.0,,AC,F,,,0,,,,,,,,1,T,T,,,F,F,1,1,0,,1,T,,,,12.0
373,373,ATENCIï¿½N  EN  SALUD  POR MEDICNA GENERAL 12 A 17 Aï¿½OS ( ADOLECENCIA),23,13397,13412,0,0,0,0,A,0000000000000000000000000000000,000000000000000000000000000000000000000000000000000000000000000000000000000000000000000000000000,000000000001111110000000000000000000000000000000000000000000000000000000000000000000000000000000000000000000000000000000,5.0,,AC,F,,,0,,,,,,,,1,T,T,,,F,F,1,2,0,,1,T,,,,12.0
376,376,ATENCIï¿½N  EN  SALUD  POR MEDICNA GENERAL 14 Aï¿½OS) ( ADOLECENCIA),23,13397,13412,0,0,0,0,A,0000000000000000000000000000000,000000000000000000000000000000000000000000000000000000000000000000000000000000000000000000000000,000000000000010000000000000000000000000000000000000000000000000000000000000000000000000000000000000000000000000000000000,5.0,,AC,F,,,0,,,,,,,,1,F,T,,,F,F,2,1,0,,1,F,,,,12.0
377,377,ATENCIï¿½N  EN  SALUD  POR MEDICNA GENERAL 16 Aï¿½OS) ( ADOLECENCIA),23,13397,13412,0,0,0,0,A,0000000000000000000000000000000,000000000000000000000000000000000000000000000000000000000000000000000000000000000000000000000000,000000000000000100000000000000000000000000000000000000000000000000000000000000000000000000000000000000000000000000000000,5.0,,AC,F,,,56,,,,,,,,1,T,T,,,F,F,2,1,0,,1,F,,,,11.0
378,378,ATENCIï¿½N  EN  SALUD  POR MEDICNA GENERAL 18 A 28 Aï¿½OS (JOVEN),23,13397,13412,0,0,0,0,A,0000000000000000000000000000000,000000000000000000000000000000000000000000000000000000000000000000000000000000000000000000000000,000000000000000001111111111100000000000000000000000000000000000000000000000000000000000000000000000000000000000000000000,5.0,,AC,F,,,27,,,,,,,,1,T,T,,,F,F,1,2,500,900.0,1,T,,,,11.0
380,380,ATENCIï¿½N  EN  SALUD  POR MEDICNA GENERAL 24 A 28 Aï¿½OS (JOVEN),23,13397,13412,0,0,0,0,A,1111111111111111111111111111111,000000000000000000000000000000000000000000000000000000000000000000000000000000000000000000000000,000000000000000000000001111100000000000000000000000000000000000000000000000000000000000000000000000000000000000000000000,5.0,,AC,F,,,27,,,,,,,,1,T,T,,,F,F,2,1,0,,1,F,,,,11.0
381,381,ATENCIï¿½N  EN  SALUD  POR MEDICNA GENERAL 29 A  34 Aï¿½OS ( ADULTO),23,13397,13412,0,0,0,0,A,0000000000000000000000000000000,000000000000000000000000000000000000000000000000000000000000000000000000000000000000000000000000,000000000000000000000000000011111100000000000000000000000000000000000000000000000000000000000000000000000000000000000000,7.0,,AC,F,,,41,,,,,,,,1,T,T,,,F,F,1,2,300,100.0,1,T,,,,11.0
382,382,ATENCIï¿½N  EN  SALUD  POR MEDICNA GENERAL 35 A  39 Aï¿½OS ( ADULTO),23,13397,13412,0,0,0,0,A,0000000000000000000000000000000,000000000000000000000000000000000000000000000000000000000000000000000000000000000000000000000000,000000000000000000000000000000000011111000000000000000000000000000000000000000000000000000000000000000000000000000000000,7.0,,AC,F,,,41,,,,,,,,1,T,T,,,F,F,1,1,0,,1,T,,,,11.0
383,383,ATENCIï¿½N  EN  SALUD  POR MEDICNA GENERAL 40 A  44 Aï¿½OS ( ADULTO),23,13397,13412,0,0,0,0,A,0000000000000000000000000000000,000000000000000000000000000000000000000000000000000000000000000000000000000000000000000000000000,000000000000000000000000000000000000000111110000000000000000000000000000000000000000000000000000000000000000000000000000,7.0,,AC,F,,,41,,,,,,,,1,T,T,,,F,F,1,1,0,,1,T,,,,11.0
384,384,ATENCIï¿½N  EN  SALUD  POR MEDICNA GENERAL 45 A  49  Aï¿½OS ( ADULTO),23,13397,13412,0,0,0,0,A,0000000000000000000000000000000,000000000000000000000000000000000000000000000000000000000000000000000000000000000000000000000000,000000000000000000000000000000000000000000001111100000000000000000000000000000000000000000000000000000000000000000000000,7.0,,AC,F,,,41,,,,,,,,1,T,T,,,F,F,1,1,0,,1,F,,,,11.0
386,386,ATENCIï¿½N  EN  SALUD  POR MEDICNA GENERAL 50 A  52  Aï¿½OS ( ADULTO),23,13397,13412,0,0,0,0,A,0000000000000000000000000000000,000000000000000000000000000000000000000000000000000000000000000000000000000000000000000000000000,000000000000000000000000000000000000000000000000011100000000000000000000000000000000000000000000000000000000000000000000,7.0,,AC,F,,,41,,,,,,,,1,T,T,,,F,F,1,1,0,,1,T,,,,11.0
387,387,ATENCIï¿½N  EN  SALUD  POR MEDICNA GENERAL 53  A 55  Aï¿½OS ( ADULTO),23,13397,13412,0,0,0,0,A,0000000000000000000000000000000,000000000000000000000000000000000000000000000000000000000000000000000000000000000000000000000000,000000000000000000000000000000000000000000000000000011100000000000000000000000000000000000000000000000000000000000000000,7.0,,AC,F,,,41,,,,,,,,1,T,T,,,F,F,1,1,0,,1,T,,,,11.0
388,388,ATENCIï¿½N  EN  SALUD  POR MEDICNA GENERAL 56  A 59  Aï¿½OS ( ADULTO),23,13397,13412,0,0,0,0,A,0000000000000000000000000000000,000000000000000000000000000000000000000000000000000000000000000000000000000000000000000000000000,000000000000000000000000000000000000000000000000000000011110000000000000000000000000000000000000000000000000000000000000,7.0,,AC,F,,,41,,,,,,,,1,T,T,,,F,F,1,1,0,,1,F,,,,11.0
390,390,ATENCIï¿½N  EN  SALUD  POR MEDICNA GENERAL 60  A 62 Aï¿½OS ( ADULTO MAYOS ),23,13397,13412,0,0,0,0,A,0000000000000000000000000000000,000000000000000000000000000000000000000000000000000000000000000000000000000000000000000000000000,000000000000000000000000000000000000000000000000000000000001110000000000000000000000000000000000000000000000000000000000,7.0,,AC,F,,,41,,,,,,,,1,F,F,,,F,F,1,1,0,,1,F,,,,
391,391,ATENCIï¿½N  EN  SALUD  POR MEDICNA GENERAL 63  A 65 Aï¿½OS ( ADULTO MAYOR ),23,13397,13412,0,0,0,0,A,0000000000000000000000000000000,000000000000000000000000000000000000000000000000000000000000000000000000000000000000000000000000,000000000000000000000000000000000000000000000000000000000000001110000000000000000000000000000000000000000000000000000000,7.0,,AC,F,,,41,,,,,,,,1,T,T,,,F,F,1,1,0,,1,F,,,,11.0
393,393,ATENCIï¿½N  EN  SALUD  POR MEDICNA GENERAL 66  A 68  Aï¿½OS ( ADULTO MAYOR ),23,13397,13412,0,0,0,0,A,0000000000000000000000000000000,000000000000000000000000000000000000000000000000000000000000000000000000000000000000000000000000,000000000000000000000000000000000000000000000000000000000000000001110000000000000000000000000000000000000000000000000000,7.0,,AC,F,,,0,,,,,,,,1,T,T,,,F,F,1,1,0,,1,F,,,,11.0
394,394,ATENCIï¿½N  EN  SALUD  POR MEDICNA GENERAL 69  A 71  Aï¿½OS ( ADULTO MAYOR ),23,13397,13412,0,0,0,0,A,0000000000000000000000000000000,000000000000000000000000000000000000000000000000000000000000000000000000000000000000000000000000,000000000000000000000000000000000000000000000000000000000000000000001110000000000000000000000000000000000000000000000000,7.0,,AC,F,,,41,,,,,,,,1,F,T,,,F,F,1,1,0,,1,F,,,,11.0
396,396,ATENCIï¿½N  EN  SALUD  POR MEDICNA GENERAL 72  A 74  Aï¿½OS ( ADULTO MAYOR ),23,13397,13412,0,0,0,0,A,0000000000000000000000000000000,000000000000000000000000000000000000000000000000000000000000000000000000000000000000000000000000,000000000000000000000000000000000000000000000000000000000000000000000001110000000000000000000000000000000000000000000000,7.0,,AC,F,,,41,,,,,,,,1,T,T,,,F,F,1,1,0,,1,F,,,,11.0
397,397,ATENCIï¿½N  EN  SALUD  POR MEDICNA GENERAL 75  A 77  Aï¿½OS ( ADULTO MAYOR ),23,13397,13412,0,0,0,0,A,0000000000000000000000000000000,000000000000000000000000000000000000000000000000000000000000000000000000000000000000000000000000,000000000000000000000000000000000000000000000000000000000000000000000000001110000000000000000000000000000000000000000000,7.0,,AC,F,,,41,,,,,,,,1,T,T,,,F,F,1,1,0,,1,F,,,,12.0
398,398,ATENCIï¿½N  EN  SALUD  POR MEDICNA GENERAL 78  A 79  Aï¿½OS ( ADULTO MAYOR ),23,13397,13412,0,0,0,0,A,0000000000000000000000000000000,000000000000000000000000000000000000000000000000000000000000000000000000000000000000000000000000,000000000000000000000000000000000000000000000000000000000000000000000000000001100000000000000000000000000000000000000000,7.0,,AC,F,,,41,,,,,,,,1,T,T,,,F,F,1,2,0,,1,F,,,,11.0
399,399,ATENCIï¿½N  EN  SALUD  POR MEDICNA GENERAL 80  Aï¿½OS  Y MAS ( ADULTO MAYOR ),23,13397,13412,0,0,0,0,A,0000000000000000000000000000000,000000000000000000000000000000000000000000000000000000000000000000000000000000000000000000000000,000000000000000000000000000000000000000000000000000000000000000000000000000000011111111111111111111111111111111111111111,7.0,,AC,F,,,41,,,,,,,,1,F,,,,F,F,1,1,0,,3,F,,,,12.0
400,400,ATENCIï¿½N  EN  SALUD  POR ENFERMERIA  2 A 3 MESES PRIMERA INFANCIA,23,13401,13416,0,0,0,0,A,0000000111111111111111111111111,011000000000000000000000000000000000000000000000000000000000000000000000000000000000000000000000,000000000000000000000000000000000000000000000000000000000000000000000000000000000000000000000000000000000000000000000000,4.0,,AC,F,,,26,,,,,,,,1,T,T,,,F,F,2,1,60,40.0,2,F,,,,11.0
401,401,ATENCIï¿½N  EN  SALUD  POR ENFERMERIA  6 A 8 MESES - PRIMERA INFANCIA,23,13401,13416,22567,0,0,0,A,0000000000000000000000000000000,000001110000000000000000000000000000000000000000000000000000000000000000000000000000000000000000,000000000000000000000000000000000000000000000000000000000000000000000000000000000000000000000000000000000000000000000000,4.0,,AC,F,,,26,,,,,,,,1,T,T,,,F,F,2,1,60,60.0,3,F,,,,11.0
402,402,ATENCIï¿½N  EN  SALUD  POR ENFERMERIA 9 A 11 MESES - PRIMERA INFANCIA,23,13401,13416,22567,0,0,0,A,0000000000000000000000000000000,000000001110000000000000000000000000000000000000000000000000000000000000000000000000000000000000,000000000000000000000000000000000000000000000000000000000000000000000000000000000000000000000000000000000000000000000000,4.0,,AC,F,,,26,,,,,,,,1,T,T,,,F,F,2,1,30,30.0,3,F,,,,11.0
403,403,ATENCIï¿½N  EN  SALUD  POR ENFERMERIA 18 A 23 MESES - PRIMERA INFANCIA,23,13401,13416,22567,0,0,0,A,0000000000000000000000000000000,000000000000000001111110000000000000000000000000000000000000000000000000000000000000000000000000,000000000000000000000000000000000000000000000000000000000000000000000000000000000000000000000000000000000000000000000000,4.0,,AC,F,,,26,,,,,,,,1,T,T,,,F,F,2,1,30,30.0,6,F,,,,11.0
404,404,ATENCIï¿½N  EN  SALUD  POR ENFERMERIA 30 A 35 MESES - PRIMERA INFANCIA,23,22567,13416,13401,0,0,0,A,0000000000000000000000000000000,000000000000000000000000000001111110000000000000000000000000000000000000000000000000000000000000,000000000000000000000000000000000000000000000000000000000000000000000000000000000000000000000000000000000000000000000000,4.0,,AC,F,,,26,,,,,,,,1,F,T,,,F,F,2,1,30,30.0,6,F,,,,11.0
405,405,ATENCIï¿½N  EN  SALUD  POR ENFERMERIA  48 A 59 MESES - PRIMERA INFANCIA,23,13401,13416,0,0,0,0,A,0000000000000000000000000000000,000000000000000000000000000000000000000000000001111111111110000000000000000000000000000000000000,000000000000000000000000000000000000000000000000000000000000000000000000000000000000000000000000000000000000000000000000,4.0,,AC,F,,,26,,,,,,,,1,T,T,,,F,F,1,1,30,30.0,1,F,,,,11.0
406,406,ATENCIï¿½N  EN  SALUD  POR ENFERMERIA ( 84 A 95  MESES. INFANCIA),23,13401,13416,0,0,0,0,A,0000000000000000000000000000000,000000000000000000000000000000000000000000000000000000000000000000000000000000000001111111111110,000000000000000000000000000000000000000000000000000000000000000000000000000000000000000000000000000000000000000000000000,4.0,,AC,F,,,26,,,,,,,,1,T,T,,,F,F,2,1,0,,1,F,,,,11.0
407,407,ATENCIï¿½N  EN  SALUD  POR ENFERMERIA  108 A 119  MESES.(9 Aï¿½OS)  INFANCIA),23,13401,13416,0,0,0,0,A,0000000000000000000000000000000,000000000000000000000000000000000000000000000000000000000000000000000000000000000000000000000000,000000001000000000000000000000000000000000000000000000000000000000000000000000000000000000000000000000000000000000000000,4.0,,AC,F,,,26,,,,,,,,1,T,T,,,F,F,1,1,0,,1,F,,,,11.0
408,408,ATENCIï¿½N  EN  SALUD  POR ENFERMERIA  6 A 11 Aï¿½OS INFANCIA,23,13401,13416,0,0,0,0,A,0000000000000000000000000000000,000000000000000000000000000000000000000000000000000000000000000000000001111111111111111111111111,000000011110000000000000000000000000000000000000000000000000000000000000000000000000000000000000000000000000000000000000,4.0,,AC,F,,,26,,,,,,,,1,T,T,,,F,F,1,1,0,,1,T,,,,11.0
409,409,ATENCIï¿½N  EN  SALUD  POR ENFERMERIA  12 A 17  Aï¿½OS ADOLECENCIA,23,13416,13401,0,0,0,0,A,0000000000000000000000000000000,000000000000000000000000000000000000000000000000000000000000000000000000000000000000000000000000,000000000001111110000000000000000000000000000000000000000000000000000000000000000000000000000000000000000000000000000000,5.0,,AC,F,,,27,,,,,,,,1,T,T,,,F,F,1,2,600,600.0,1,T,,,,11.0
410,410,ATENCIï¿½N  EN  SALUD  POR ENFERMERIA  15 Aï¿½OS ADOLECENCIA,23,13401,13416,0,0,0,0,A,0000000000000000000000000000000,000000000000000000000000000000000000000000000000000000000000000000000000000000000000000000000000,000000000000001000000000000000000000000000000000000000000000000000000000000000000000000000000000000000000000000000000000,5.0,,AC,F,,,26,,,,,,,,1,F,F,,,F,F,1,1,0,,1,F,,,,
411,411,ATENCIï¿½N  EN  SALUD  POR ENFERMERIA  17 Aï¿½OS ADOLECENCIA,23,13401,0,13416,0,0,0,A,0000000000000000000000000000000,000000000000000000000000000000000000000000000000000000000000000000000000000000000000000000000000,000000000000000010000000000000000000000000000000000000000000000000000000000000000000000000000000000000000000000000000000,5.0,,AC,F,,,26,,,,,,,,1,F,F,,,F,F,1,1,0,,1,F,,,,
415,415,ATENCIï¿½N EN SALUD BUCAL POR ODONTOLOGIA PRIMERA INFANCIA,23,13399,22885,0,0,0,0,A,0000000000000000000000000000000,000001111111111111111111111111111111111111111111111111111111111111111110000000000000000000000000,000000000000000000000000000000000000000000000000000000000000000000000000000000000000000000000000000000000000000000000000,4.0,,AC,F,,,0,,,,,,,,1,T,T,,,F,F,1,1,30,30.0,1,T,,,,11.0
416,416,ATENCIï¿½N EN SALUD BUCAL POR ODONTOLOGIA DE 6 A 11 Aï¿½OS INFANCIA,23,13399,22885,15216,0,0,0,A,0000000000000000000000000000000,000000000000000000000000000000000000000000000000000000000000111111111111111111111111111111111111,000000011110000000000000000000000000000000000000000000000000000000000000000000000000000000000000000000000000000000000000,4.0,,AC,F,,,0,,,,,,,,1,T,T,,,F,F,1,1,0,,1,T,,,,11.0
417,417,ATENCIï¿½N EN SALUD BUCAL POR ODONTOLOGIA  ADOLECENCIA,23,13399,22885,13399,0,0,0,A,0000000000000000000000000000000,000000000000000000000000000000000000000000000000000000000000000000000000000000000000000000000000,000000000001111110000000000000000000000000000000000000000000000000000000000000000000000000000000000000000000000000000000,5.0,,AC,F,,,0,,,,,,,,1,T,T,,,F,F,1,2,500,700.0,1,T,,,,11.0
418,418,ATENCIï¿½N EN SALUD BUCAL POR ODONTOLOGIA 18 A 28 Aï¿½OS. JUVENTUD,23,13399,23054,0,0,0,0,A,0000000000000000000000000000000,000000000000000000000000000000000000000000000000000000000000000000000000000000000000000000000000,000000000000000001111111111100000000000000000000000000000000000000000000000000000000000000000000000000000000000000000000,5.0,,AC,F,,,0,,,,,,,,1,T,T,,,F,F,1,1,0,,2,T,,,,11.0
419,419,ATENCIï¿½N EN SALUD BUCAL POR ODONTOLOGIA  29 A 59 Aï¿½OS ADULTOS,23,13399,23054,0,0,0,0,A,0000000000000000000000000000000,000000000000000000000000000000000000000000000000000000000000000000000000000000000000000000000000,000000000000000000000000000011111111111111111111111111111110000000000000000000000000000000000000000000000000000000000000,7.0,,AC,F,,,0,,,,,,,,1,T,T,,,F,F,1,2,100,500.0,2,F,,,,11.0
420,420,ATENCIï¿½N EN SALUD BUCAL POR ODONTOLOGIA 60  Aï¿½OS Y MAS  ADULTO MAYOR,23,13399,22885,0,0,0,0,A,0000000000000000000000000000000,000000000000000000000000000000000000000000000000000000000000000000000000000000000000000000000000,000000000000000000000000000000000000000000000000000000000001111111111111111111111111111111111111111111111111111111111111,7.0,,AC,F,,,0,,,,,,,,1,T,T,,,F,F,1,1,0,,2,F,,,,11.0
422,422,APLICACIï¿½N DE BARNIZ DE FLï¿½OR PRIMERA INFANCIA,15,22513,15148,0,0,0,0,A,0111111111111111111111111111111,000000000001111111111111111111111111111111111111111111111111111111111110000000000000000000000000,000000000000000000000000000000000000000000000000000000000000000000000000000000000000000000000000000000000000000000000000,,3.0,AP,F,,,11,,,,,,,,1,T,T,,,F,F,1,2,500,800.0,1,T,,,14.0,
424,424,APLICACIï¿½N DE BARNIZ DE FLï¿½OR DE 6 A 11 Aï¿½OS INFANCIA,15,22513,15148,0,0,0,0,A,0000000000000000000000000000000,000000000000000000000000000000000000000000000000000000000000000000001111111111111111111111111111,000000011110000000000000000000000000000000000000000000000000000000000000000000000000000000000000000000000000000000000000,,3.0,AP,F,,,11,,,,,,,,1,T,T,,,F,F,1,2,600,900.0,1,T,,,14.0,
425,425,APLICACIï¿½N DE BARNIZ DE FLï¿½OR DE 12 A 17 Aï¿½OS ADOLECENCIA,15,22513,15217,15148,0,0,0,A,0111111111111111111111111111111,000000000000000000000000000000000001111111111111111111111111111111111111111111111111111111111111,000000000001111111000000000000000000000000000000000000000000000000000000000000000000000000000000000000000000000000000000,,3.0,AP,F,,,11,,,,,,,,1,T,T,,,F,F,1,2,600,999.0,1,T,,,14.0,
432,432,APLICACIï¿½N DE SELLANTES 3 A 5 Aï¿½OS PRIMERA INFANCIA,15,15216,23183,0,0,0,0,A,1111111111111111111111111111110,000000000000000000000000000000000011111111111111111111111111111111111110000000000000000000000000,000000000000000000000000000000000000000000000000000000000000000000000000000000000000000000000000000000000000000000000000,,3.0,AP,F,,,12,,,,,,,,1,T,T,,,F,F,1,4,500,600.0,1,T,,,14.0,
433,433,APLICACIï¿½N DE SELLANTES  6 A 11 Aï¿½OS INFANCIA,15,15216,15215,23183,0,0,0,A,0000000000000000000000000000000,000000000000000000000000000000000000000000000000000000000000000000000001111111111111111111111111,000000011110000000000000000000000000000000000000000000000000000000000000000000000000000000000000000000000000000000000000,,3.0,AP,F,,,12,,,,,,,,1,T,T,,,F,F,1,8,500,800.0,1,T,,,14.0,
434,434,APLICACIï¿½N DE SELLANTES  12 A 17 Aï¿½OS ADOLECENCIA,15,0,23183,0,0,0,0,A,0000000000000000000000000000000,000000000000000000000000000000000000000000000000000000000000000000000000000000000000000000000000,000000000001111110000000000000000000000000000000000000000000000000000000000000000000000000000000000000000000000000000000,,3.0,AP,F,,,12,,,,,,,,1,T,T,,,F,F,3,6,110,800.0,1,F,,,14.0,
435,435,DETARTRAJE SUPRAGINGIVAL  6 A 11 Aï¿½OS  ADOLECENCIA,15,15220,0,0,0,0,0,A,0000000000000000000000000000000,000000000000000000000000000000000000000000000000000000000000000000000001111111111111111111111111,000000011110000000000000000000000000000000000000000000000000000000000000000000000000000000000000000000000000000000000000,,3.0,AP,F,,,10,,,,,,,,1,T,T,,,F,F,2,2,0,,6,F,,,14.0,
436,436,DETARTRAJE SUPRAGINGIVAL  18 A 28 Aï¿½OS  JUVENTUD,15,15220,0,0,0,0,0,A,0000000000000000000000000000000,000000000000000000000000000000000000000000000000000000000000000000000000000000000000000000000000,000000000000000011111111111100000000000000000000000000000000000000000000000000000000000000000000000000000000000000000000,,3.0,AP,F,,,10,,,,,,,,1,T,T,,,F,F,1,2,900,500.0,2,T,,,14.0,
437,437,DETARTRAJE SUPRAGINGIVAL  29 A 59 Aï¿½OS  ADULTO,15,15220,0,0,0,0,0,A,0000000000000000000000000000000,000000000000000000000000000000000000000000000000000000000000000000000000000000000000000000000000,000000000000000000000000000011111111111111111111111111111110000000000000000000000000000000000000000000000000000000000000,,3.0,AP,F,,,10,,,,,,,,1,T,T,,,F,F,2,2,500,800.0,6,F,,,14.0,
438,438,DETARTRAJE SUPRAGINGIVAL  60 Aï¿½OS  Y MAS  VEJEZ,15,15220,0,0,0,0,0,A,0000000000000000000000000000000,000000000000000000000000000000000000000000000000000000000000000000000000000000000000000000000000,000000000000000000000000000000000000000000000000000000000001111111111111111111111111111111111111111111111111111111111111,,3.0,AP,F,,,0,,,,,,,,1,T,T,,,F,F,2,2,0,,6,F,,,14.0,
486,486,ASESORï¿½A EN ANTICONCEPCIï¿½N  12 A 17 Aï¿½OS,15,13397,13401,13412,13416,0,0,F,0000000000000000000000000000000,000000000000000000000000000000000000000000000000000000000000000000000000000000000000000000000000,000000000001111110000000000000000000000000000000000000000000000000000000000000000000000000000000000000000000000000000000,3.0,,AC,F,,,0,,,,,,,,1,T,T,,,F,F,1,2,0,,1,T,,,,18.0
487,487,ASESORï¿½A EN ANTICONCEPCIï¿½N  18 A 28  Aï¿½OS,15,13397,13401,13412,13416,0,0,A,0000000000000000000000000000000,000000000000000000000000000000000000000000000000000000000000000000000000000000000000000000000000,000000000000000001111111111100000000000000000000000000000000000000000000000000000000000000000000000000000000000000000000,3.0,,AC,F,,,56,,,,,,,,1,T,T,,,F,F,1,1,0,60.0,1,T,,,,18.0
488,488,ASESORï¿½A EN ANTICONCEPCIï¿½N  29 A 52  Aï¿½OS,15,13397,13401,13416,13412,0,0,A,0111111111111111111111111111111,111111111111111111111111111111111111111111111111111111111111111111111111111111111111111111111111,000000000000000000000000000011111111111111111111111111111110000000000000000000000000000000000000000000000000000000000000,3.0,,AC,F,,,0,,,,,,,,1,T,T,,,F,F,1,2,0,,1,T,,,,18.0
489,489,CONSULTA PRIMERA VEZ  PLANIFICACION HOMBRES,15,13397,13401,0,0,0,0,M,0000000000000000000000000000000,000000000000000000000000000000000000000000000000000000000000000000000000000000000000000000000000,000000000001111111111111111111111111111111111111110000000000000000000000000000000000000000000000000000000000000000000000,3.0,,AC,F,,,0,,,,,,,,1,T,T,,,F,F,1,1,0,,1,F,,,,18.0
490,490,CONSULTA PRIMERA VEZ  PLANIFICACION MUJERES,15,13397,13401,13412,13416,0,0,F,0000000000000000000000000000000,000000000000000000000000000000000000000000000000000000000000000000000000000000000000000000000000,000000000001111111111111111111111111111111111111111000000000000000000000000000000000000000000000000000000000000000000000,3.0,,AC,F,,,0,,,,,,,,1,T,T,,,F,F,1,1,0,,2,T,,,,18.0
576,576,TAMIZAJE DE Cï¿½NCER DE CUELLO UTERINO (CITOLOGï¿½A) 18 A 28 Aï¿½OS,21,13489,19816,13572,0,0,0,F,0000000000000000000000000000000,000000000000000000000000000000000000000000000000000000000000000000000000000000000000000000000000,000000000000000001111111111100000000000000000000000000000000000000000000000000000000000000000000000000000000000000000000,,4.0,AP,F,,,49,,,,,,,,1,T,T,,,F,F,1,1,0,,1,T,,,12.0,
577,577,TAMIZAJE DE Cï¿½NCER DE CUELLO UTERINO (CITOLOGï¿½A) 29 A 59  Aï¿½OS,21,13489,19816,13572,0,0,0,F,0000000000000000000000000000000,000000000000000000000000000000000000000000000000000000000000000000000000000000000000000000000000,000000000000000000000000000011111111111111111111111111111110000000000000000000000000000000000000000000000000000000000000,,4.0,AP,F,,,0,,,,,,,,1,T,T,,,F,F,1,2,800,800.0,2,T,,,12.0,
578,578,TAMIZAJE DE Cï¿½NCER DE CUELLO UTERINO (CITOLOGï¿½A) 60 A 65  Aï¿½OS,21,13489,19816,13572,0,0,0,F,0000000000000000000000000000000,000000000000000000000000000000000000000000000000000000000000000000000000000000000000000000000000,000000000000000000000000000000000000000000000000000000000001111110000000000000000000000000000000000000000000000000000000,,4.0,AP,F,,,0,,,,,,,,1,T,T,,,F,F,1,1,0,,1,T,,,12.0,
613,613,ATENCIï¿½N PARA PRECONCEPCIONAL  1 ERA VEZ  14 A 49 Aï¿½OS,17,13397,13412,0,0,0,0,F,0000000000000000000000000000000,000000000000000000000000000000000000000000000000000000000000000000000000000000000000000000000000,000000000001111111111111111111111111111111111111111000000000000000000000000000000000000000000000000000000000000000000000,6.0,,AC,F,,,0,,,,,,,,1,T,T,,,F,F,1,1,0,,1,T,,,,22.0
614,614,ATENCIï¿½N PARA PRECONCEPCIONAL  CONTROL  14 A 49 Aï¿½OS,17,13397,13412,0,0,0,0,F,0000000000000000000000000000000,000000000000000000000000000000000000000000000000000000000000000000000000000000000000000000000000,000000000001111111111111111111111111111111111111111000000000000000000000000000000000000000000000000000000000000000000000,6.0,,AC,F,,,0,,,,,,,,1,T,T,,,F,F,1,1,0,,1,T,,,,22.0
701,701,DETARTRAJE SUPRAGINGIVAL  12 A 17 Aï¿½OS  JUVENTUD,15,15220,0,0,0,0,0,A,0000000000000000000000000000000,000000000000000000000000000000000000000000000000000000000000000000000000000000000000000000000000,000000000001111110000000000000000000000000000000000000000000000000000000000000000000000000000000000000000000000000000000,,3.0,AP,,,,0,,,,,,,,1,T,T,,,F,F,2,2,300,800.0,1,T,,,14.0,
710,710,ATENCIï¿½N  EN  SALUD  POR MEDICINA GENERAL ( 18 A 23 MESES. PRIMERA INFANCIA),23,13397,0,0,0,0,0,A,0000000000000000000000000000000,000000000000000001111110000000000000000000000000000000000000000000000000000000000000000000000000,000000000000000000000000000000000000000000000000000000000000000000000000000000000000000000000000000000000000000000000000,4.0,,AC,,,,26,,,,,,,,1,F,F,,,F,F,2,1,0,,1,F,,,,
718,718,ATENCIï¿½N EN SALUD POR MEDICO GENERAL 60  Aï¿½OS Y MAS  ADULTO MAYOR,23,13397,0,0,0,0,0,A,0000000000000000000000000000000,000000000000000000000000000000000000000000000000000000000000000000000000000000000000000000000000,000000000000000000000000000000000000000000000000000000000001111111111111111111111111111111111111111111111111111111111111,7.0,,AC,,,,0,,,,,,,,1,T,T,,,F,F,1,1,1,0.0,2,T,,,,11.0
712,712,ATENCIï¿½N EN SALUD POR MEDICINA GENERAL  29 A 59 Aï¿½OS ADULTOS,23,13397,13412,0,0,0,0,A,0000000000000000000000000000000,000000000000000000000000000000000000000000000000000000000000000000000000000000000000000000000000,000000000000000000000000000011111111111111111111111111111110000000000000000000000000000000000000000000000000000000000000,7.0,,AC,,,,0,,,,,,,,1,T,T,,,F,F,1,1,0,,5,T,,,,11.0
746,746,ASESORï¿½A EN ANTICONCEPCIï¿½N  29 A 49  Aï¿½OS,15,13397,13401,13416,13412,0,0,A,0111111111111111111111111111111,111111111111111111111111111111111111111111111111111111111111111111111111111111111111111111111111,000000000000000000000000000011111111111111111111100000000000000000000000000000000000000000000000000000000000000000000000,3.0,,AC,,,,56,,,,,,,,1,T,T,,,,,1,2,0,60.0,1,,,,,18.0
768,768,ASESORIA EN ANTICONCEPCION DE 60 Aï¿½OS Y MAS,15,13397,13412,0,0,0,0,A,0000000000000000000000000000000,000000000000000000000000000000000000000000000000000000000000000000000000000000000000000000000000,000000000000000000000000000000000000000000000000000000000001111111111111111111111111111111111111111100000000000000000000,3.0,,AC,F,,,0,,,,,,,,1,T,T,,,,,1,2,30,,1,T,,,,18.0
769,769,ASESORIA EN ANTICONCEPCION CONTROL DE 60 Aï¿½OS Y MAS,15,13401,13416,0,0,0,0,A,0000000000000000000000000000000,000000000000000000000000000000000000000000000000000000000000000000000000000000000000000000000000,000000000000000000000000000000000000000000000000000000000001111111111111111111111111111111111111111100000000000000000000,3.0,,AC,F,,,0,,,,,,,,1,T,T,,,,,1,2,30,,1,T,,,,18.0
